<?xml version="1.0" encoding="UTF-8"?>
<!DOCTYPE configuration PUBLIC "-//mybatis.org//DTD Config 3.0//EN" "http://mybatis.org/dtd/mybatis-3-config.dtd">
<configuration>
	<typeAliases>
		<typeAlias alias="user" type="com.fp.domain.User"/>
		<typeAlias alias="vehicle" type="com.fp.domain.VehicleBean"/>
		<typeAlias alias="tcuFtcpRecord" type="com.fp.domain.TcuFtcpRecord"/>
		<typeAlias alias="restLoginUserBean" type="com.fp.domain.RestLoginUserBean"/>
	</typeAliases>
	<mappers>
		<mapper resource="com/fp/domain/sqlMappers/user.xml" />
		<mapper resource="com/fp/domain/sqlMappers/vehicle.xml" />
	</mappers>
</configuration>	
