<?xml version="1.0" encoding="UTF-8" ?>
<!DOCTYPE struts PUBLIC "-//Apache Software Foundation//DTD Struts Configuration 2.1//EN" "http://struts.apache.org/dtds/struts-2.1.dtd">
<struts>	
	 <constant name="struts.i18n.encoding" value="UTF-8"/>
	 		<!-- 指定默认编码集 ，作用于HttpServletRequest的setCharacterEncoding（）和freemarker，vilocity的输出 -->
	<constant name="struts.configuration.xmlreload" value="true"/>
			<!-- 当struts配置文件修改时是否自动加载 -->
	<constant name="struts.devMode" value="true"/>
			<!-- 开发模式下打印详细的错误信息 -->
	<constant name="struts.ui.theme" value="xhtml"/>
	
	<constant name="struts.convention.result.path" value="/"></constant>
	
	<constant name="struts.ognl.allowStaticMethodAccess" value="true"></constant> 
	
	<package name="main" namespace="/hev" extends="json-default">
	   <global-results>
			<result name="login">/login.jsp</result>
	   </global-results> 
	   <action name="login" class="mainAction" method="login">
			<result name="success" type="json">
		    	<param name="root">result</param>
		    </result>
	   </action>
		
	    <action name="logout" class="mainAction" method="logout">
	   </action>
       <action name="homeMapMain" class="mainAction" method="homeMapMain">
			<result name="success" type="json">
				<param name="root">vehicleInfos</param>
			</result>
		</action>
		
		<action name="vehicleDetail" class="mainAction" method="vehicleDetail">
			<result name="success">
				/detail.jsp
			</result>
		</action>
		
		<action name="historyQuery" class="mainAction" method="historyQuery">
			<result name="success">
				/query_detail.jsp
			</result>
		</action>

		<action name="vehicleDetailAjax" class="mainAction" method="vehicleDetailAjax">
			<result name="success" type="json">
				<param name="root">vehicleInfos</param>
			</result>
		</action>
		
		<action name="home" class="mainAction" method="home">
			<result name="success">
				/hev_index.jsp
			</result>
		</action>
		
		<action name="faultRecord" class="mainAction" method="faultRecord">
			<result name="success">
				/fault_record.jsp
			</result>
		</action>
		
		<action name="uploadMockData" class="mainAction" method="uploadMockData">
			<result name="success">
				/tcu.jsp
			</result>
			<result name="error" type="redirect">
				tcu
			</result>
		</action>
		
		<action name="batteryFaultAlert" class="mainAction" method="batteryFaultAlert">
			<result name="success">
				/tcu.jsp
			</result>
			<result name="error" type="redirect">
				tcu
			</result>
		</action>
		
		<action name="clearBatteryFaultAlert" class="mainAction" method="clearBatteryFaultAlert">
			<result name="success">
				/tcu.jsp
			</result>
			<result name="error" type="redirect">
				tcu
			</result>			
		</action>
		
		<action name="publishProvisioningAlert" class="mainAction" method="publishProvisioningAlert">
			<result name="success">
				/tcu.jsp
			</result>
			<result name="error" type="redirect">
				tcu
			</result>
		</action>
		
		<action name="diagnosticCommand" class="mainAction" method="diagnosticCommand">
			<result name="success" type="json">
		    	<param name="root">result</param>
		    </result>
		</action>
		
		<action name="rspAlertFromTcu" class="mainAction" method="rspAlertFromTcu">
			<result name="success" type="json">
		    	<param name="root">tcuRecordList</param>
		    </result>
		</action>
		
		<action name="remoteDiagnostic" class="mainAction" method="remoteDiagnostic">
			<result name="success">
				/remote_diagnostic.jsp
			</result>
		</action>
		
		<action name="searchByVin" class="mainAction" method="searchByVin">
			<result name="success" type="json">
		    	<param name="root">vehicleInfos</param>
		    </result>
		</action>
		
		<action name="groupCityVehCnt" class="mainAction" method="groupCityVehCnt">
			<result name="success" type="json">
		    	<param name="root">vehicleInfos</param>
		    </result>
		</action>
		
		<action name="findAllProCityNullVehicles" class="mainAction" method="findAllProCityNullVehicles">
			<result name="success" type="json">
		    	<param name="root">vehicleInfos</param>
		    </result>
		</action>
		
		<action name="findCityVehicles" class="mainAction" method="findCityVehicles">
			<result name="success" type="json">
		    	<param name="root">vehicleInfos</param>
		    </result>
		</action>
		
		<action name="updProvinceCity" class="mainAction" method="updProvinceCity">
			<result name="success" type="json">
		    	<param name="root">msg</param>
		    </result>
		</action>
		
		<action name="tcu" class="mainAction" method="tcu">
			<result name="success">/tcu.jsp</result>
		</action>
		
    </package>
    
    <package name="tools" namespace="/tools" extends="json-default">
       <global-results>
			<result name="error">/error.jsp</result>
	   </global-results>
       <action name="alert" class="azureAction" method="getAlert">
			<result name="success">/azure_table_alert.jsp</result>
	   </action>
	   <action name="response" class="azureAction" method="getResponse">
			<result name="success">/azure_table_response.jsp</result>
	   </action>
	   <action name="command" class="azureAction" method="getCommand">
			<result name="success">/azure_sql_command.jsp</result>
	   </action>
	   <action name="lighthouse" class="azureAction" method="getLHToken">
			<result name="success">/lighthouse_token.jsp</result>
	   </action>
	   		
		<action name="getRestApiPerformance" class="mainAction" method="getRestApiPerformance">
			<result name="success" type="json">
		    	<param name="root">restBeans</param>
		    </result>
		</action>
		
		<action name="getRestApiDailyCounting" class="mainAction" method="getRestApiDailyCounting">
			<result name="success" type="json">
		    	<param name="root">apiBean</param>
		    </result>
		</action>
		
		<action name="restapi" class="mainAction" method="restapi">
			<result name="success">/rest_api.jsp</result>
	    </action>
	   
	</package>
	
	<package name="root" namespace="/" extends="json-default">
		<default-action-ref name="home"/>
		
       <action name="home" class="mlmcAction" method="performance">
			<result name="success">/mlmc/performance.jsp</result>
	   </action>
	</package>
	
	<package name="mlmc" namespace="/mlmc" extends="json-default">
	
       <global-results>
			<result name="error">/error.jsp</result>
	   </global-results>
       <action name="performance" class="mlmcAction" method="performance">
			<result name="success">/mlmc/performance.jsp</result>
	   </action>
	   
	   <action name="performanceById" class="mlmcAction" method="performanceById">
			<result name="success" type="json">
		    	<param name="root">performanceBean</param>
		    </result>
		</action>
	    <action name="export" class="mlmcAction" method="export">  
            <result name="excel" type="stream">  
                <param name="contentType">application/vnd.ms-excel</param>  
                <param name="contentDisposition">filename="performance.xls"</param>  
                <param name="inputName">excelStream</param>  
            </result>  
        </action>  
        
       <action name="performance" class="mlmcAction" method="performance">
			<result name="success">/mlmc/performance.jsp</result>
			
			<result name="excel" type="stream">  
                <param name="contentType">application/vnd.ms-excel</param>  
                <param name="contentDisposition">filename="performance.xls"</param>  
                <param name="inputName">excelStream</param>  
            </result>  
	   </action>
	</package>
</struts>    
