<?xml version="1.0" encoding="utf-8" ?>
<!DOCTYPE mapper PUBLIC "-//mybatis.org//DTD Mapper 3.0//EN"
"http://mybatis.org/dtd/mybatis-3-mapper.dtd">
<mapper namespace="com.fp.domain.VehicleBean">
	
	<resultMap type="com.fp.domain.VehicleBean" id="vehicleResult">
		<result property="id" column="id" jdbcType="INTEGER" javaType="java.lang.Integer" />
		<result property="vin" column="vin" />
		<result property="esn" column="esn" />
		<result property="lng" column="lng" />
		<result property="lat" column="lat" />
		<result property="insertDate" column="insert_date" />
		<result property="GPSSpeed" column="GPS_Speed" />
		<result property="GPSCompassDirection" column="GPS_Compass_direction" />
		<result property="GPSHeading" column="GPS_Heading" />
		<result property="ignitionStatus" column="Ignition_status" />
		<result property="vehVActlEng" column="Veh_V_ActlEng" />
		<result property="odometerMasterValue" column="OdometerMasterValue" />
		<result property="fuelRangeLDsply" column="FuelRange_L_Dsply" />
		<result property="gearLvrPosDActl" column="GearLvrPos_D_Actl" />
		<result property="bpedDrvApplDActl" column="BpedDrvAppl_D_Actl" />
		<result property="apedPosPcActlArb" column="ApedPos_Pc_ActlArb" />
		<result property="engAoutNActl" column="EngAout_N_Actl" />
		<result property="engClntTeActl" column="EngClnt_Te_Actl" />
		<result property="engSrvcRqdBRq" column="EngSrvcRqd_B_Rq" />
		<result property="fuelLvlPcDsply" column="FuelLvl_Pc_Dsply" />
		<result property="airAmbTeActlFilt" column="AirAmb_Te_ActlFilt" />
		<result property="prplWhlTot2TqActl" column="PrplWhlTot2_Tq_Actl" />
		<result property="pwPckTqDStat" column="PwPckTq_D_Stat" />
		<result property="bSBattSOC" column="BSBattSOC" />
		<result property="battTracUActl" column="BattTrac_U_Actl" />
		<result property="battTracIActl" column="BattTrac_I_Actl" />
		<result property="battTracSoc2PcActl" column="BattTracSoc2_Pc_Actl" />
		<result property="battTracTeActl" column="BattTrac_Te_Actl" />
		<result property="vehStrtInhbtBRqBatt" column="VehStrtInhbt_B_RqBatt" />
		<result property="battTracOffBActl" column="BattTracOff_B_Actl" />
		<result property="battTracPwLimChrg" column="BattTrac_Pw_LimChrg" />
		<result property="battTracPwLimDchrg" column="BattTrac_Pw_LimDchrg" />
		<result property="battTracOffFstDActl" column="BattTracOffFst_D_Actl" />
		<result property="battTracWarnLampBRq" column="BattTracWarnLamp_B_Rq" />
		<result property="battTracSrvcRqdBRq" column="BattTracSrvcRqd_B_Rq" />
		<result property="errorFlg" column="errorFlg" />
		<result property="province" column="province" />
		<result property="city" column="city" />
		<result property="cityCnt" column="cityCnt" />

	</resultMap>

	<resultMap type="com.fp.domain.BatteryFault" id="batteryFaultResult">
		<result property="id" column="id" jdbcType="INTEGER" javaType="java.lang.Integer" />
		<result property="vin" column="vin" />
		<result property="esn" column="esn" />
		<result property="battTracUActl" column="BattTrac_U_Actl" />
		<result property="battTracIActl" column="BattTrac_I_Actl" />
		<result property="battTracSoc2PcActl" column="BattTracSoc2_Pc_Actl" />
		<result property="battTracTeActl" column="BattTrac_Te_Actl" />
		<result property="vehStrtInhbtBRqBatt" column="VehStrtInhbt_B_RqBatt" />
		<result property="battTracOffBActl" column="BattTracOff_B_Actl" />
		<result property="battTracPwLimChrg" column="BattTrac_Pw_LimChrg" />
		<result property="battTracPwLimDchrg" column="BattTrac_Pw_LimDchrg" />
		<result property="battTracOffFstDActl" column="BattTracOffFst_D_Actl" />
		<result property="insertDate" column="insert_date" />
		<result property="becmDiagnosticsData" column="dtc" />
		<result property="time" column="time" />
		<result property="hevBatteryFaultSeverity" column="hevBatteryFaultSeverity" />
		<result property="ecuId" column="ecuId" />
		<result property="ecuStatus" column="ecuStatus" />
	</resultMap>
	
	<resultMap type="com.fp.domain.TcuFtcpRecord" id="tcuFtcpRecord">
		<result property="id" column="id" jdbcType="INTEGER" javaType="java.lang.Integer" />
		<result property="record" column="record"/>
		<result property="correlateMsgId" column="correlate_msg_id"/>
		<result property="insertDate" column="insert_date" />
		<result property="vin" column="vin" />
	</resultMap>
	
	<resultMap type="com.fp.domain.TcuVehicle" id="tcuVehicle">
		<result property="id" column="id" jdbcType="INTEGER" javaType="java.lang.Integer" />
		<result property="vin" column="vin"/>
		<result property="psKey" column="pskey"/>
		<result property="esn" column="esn" />
	</resultMap>
		
	<resultMap type="com.fp.domain.RestLoginUserBean" id="restLoginUserResult">
		<result property="id" column="id" jdbcType="INTEGER" javaType="java.lang.Integer" />
		<result property="lightHouseCost" column="lightHouseCost"/>
		<result property="sdnLoginUserCost" column="sdnLoginUserCost"/>
		<result property="totalCost" column="totalCost"/>
		<result property="allVehTime" column="allVehTime"/>
		<result property="oneVehStatusTime" column="oneVehStatusTime"/>
		<result property="insertDate" column="insertDate" />
		<result property="restApiName" column="restApiName" />
		<result property="statusDesc" column="statusDesc" />
		<result property="operationStatus" column="operationStatus" />
		
		<result property="successCnt" column="successCnt" />
		<result property="failCnt" column="failCnt" />
		<result property="maxTime" column="maxTime" />
		<result property="minTime" column="minTime" />
		<result property="averageTime" column="averageTime" />
		<result property="exeParam" column="exeParam" />
	</resultMap>
	
	<select id="selectTcuVehicleByEsn" parameterType="String" resultMap="tcuVehicle">
		SELECT * FROM fp.tcu_vehicle where esn = #{esn}
 	</select>
 	
 	<select id="findNamePassword" parameterType="java.util.Map" resultMap="tcuVehicle">
		SELECT * FROM fp.tcu_vehicle where username = #{name} and password = #{passwrod}
 	</select>
 	
	<select id="selectAllTcuRecordByCorId" parameterType="int" resultMap="tcuFtcpRecord">
		SELECT * FROM fp.tcu_ftcp_record where correlate_msg_id = #{correlateMsgId} order by id desc
 	</select>

 	<insert id="insertRestLoginUser" parameterType="restLoginUserBean">
	 <![CDATA[
		insert into
		rest_api (lightHouseCost,
						sdnLoginUserCost,
						sdnGetUserProfileCost,
						totalCost,
						allVehTime,
						oneVehStatusTime,
						restApiName,
						statusDesc,
						operationStatus,
						insertDate,
						exeParam
		) values(
						#{lightHouseCost},
						#{sdnLoginUserCost},
						#{sdnGetUserProfileCost},
						#{totalCost},
						#{allVehTime},
						#{oneVehStatusTime},
						#{restApiName},
						#{statusDesc},
						#{operationStatus},
						#{insertDate},
						#{exeParam}
		)
		]]>
 	</insert>
 	
 	<insert id="insertTCUFTCPRecord" parameterType="tcuFtcpRecord">
	 <![CDATA[
		insert into
		tcu_ftcp_record(record	,
						correlate_msg_id,
						insert_date,
						vin
		) values(
						#{record},
						#{correlateMsgId},
						#{insertDate},
						#{vin}
						
		)
		]]>
 	</insert>
 	
 	<select id="selectAllEsns" parameterType="String" resultMap="tcuVehicle">
		SELECT * FROM fp.tcu_vehicle where username = #{username}
 	</select>
 	
 	<select id="selectAllEsnsNoUsername" resultMap="tcuVehicle">
		SELECT * FROM fp.tcu_vehicle
 	</select>
 	
 	<select id="selectAllBatteryFault" resultMap="batteryFaultResult">
		SELECT * FROM fp.battery_fault
 	</select>
 	
 	<insert id="insertBatteryFault" parameterType="vehicle">
	 <![CDATA[
		insert into
		battery_fault(vin	,
						esn	,
						insert_date	,
						BattTrac_U_Actl	,
						BattTrac_I_Actl	,
						BattTracSoc2_Pc_Actl	,
						BattTrac_Te_Actl	,
						VehStrtInhbt_B_RqBatt	,
						BattTracOff_B_Actl	,
						BattTrac_Pw_LimChrg	,
						BattTrac_Pw_LimDchrg	,
						BattTracOffFst_D_Actl	,
						dtc,
						time,
						hevBatteryFaultSeverity,
						ecuId,
						ecuStatus
		) values(
						#{vin},
						#{esn},
						#{insertDate},
						#{battTracUActl},
						#{battTracIActl},
						#{battTracSoc2PcActl},
						#{battTracTeActl},
						#{vehStrtInhbtBRqBatt},
						#{battTracOffBActl},
						#{battTracPwLimChrg},
						#{battTracPwLimDchrg},
						#{battTracOffFstDActl},
						#{becmDiagnosticsData},
						#{time},
						#{hevBatteryFaultSeverity},
						#{ecuId},
						#{ecuStatus}
		)
		]]>
 	</insert>
 	
 	<select id="selectAllPCNullVehicles" resultMap="vehicleResult">
		SELECT * FROM fp.vehicle_record
		where province is null or city is null
 	</select>
 	
 	<select id="selectCityVehicleCnt" resultMap="vehicleResult">
		SELECT city, count(city) as cityCnt
		FROM (		
		SELECT *
		        FROM fp.vehicle_record as a
				join (
				SELECT max(id) as mid FROM fp.vehicle_record
				group by vin) as b on a.id = b.mid
		) AS A
		GROUP BY city
 	</select>
 	
 	 <select id="selectCityVehicles" parameterType="String" resultMap="vehicleResult">
		SELECT *,
		    CASE
		        WHEN BattTracSrvcRqd_B_Rq = 1 THEN 1
		        WHEN BattTracWarnLamp_B_Rq = 1 THEN 2
		        WHEN time_to_sec(timediff(NOW(),insert_date)) >= 600 THEN 3
		        ELSE 0
		    END as errorFlg
        FROM fp.vehicle_record as a
		join (
		SELECT max(id) as mid FROM fp.vehicle_record
		group by vin) as b on a.id = b.mid
		WHERE city = #{city}
 	</select>
 	
	<update id="updateVehicle" parameterType="vehicle">
		UPDATE fp.vehicle_record
		SET province = #{province} , city = #{city} 
		WHERE id = #{id}
 	</update>
 	 	
	<select id="selectAllVehicles" resultMap="vehicleResult">
		SELECT *,
		    CASE
		        WHEN BattTracSrvcRqd_B_Rq = 1 THEN 1
		        WHEN BattTracWarnLamp_B_Rq = 1 THEN 2
		        WHEN time_to_sec(timediff(NOW(),insert_date)) >= 600 THEN 3
		        ELSE 0
		    END as errorFlg
        FROM fp.vehicle_record as a
		join (
		SELECT max(id) as mid FROM fp.vehicle_record
		group by vin) as b on a.id = b.mid
 	</select>

	<select id="findByVin" parameterType="int" resultMap="vehicleResult">
		select *
		from vehicle_record where vin=#{vin} order by insert_date
 	</select>
 	
 	<select id="findSuccessCnt" parameterType="restLoginUserBean" resultType="int">
		select count(*) as successCnt from rest_api
		where operationStatus = 1
		and isAvail = 1
		and restApiName = #{typeName}
		and insertDate &gt;=  #{fromDate} and insertDate &lt;= #{toDate}
 	</select>

 	<select id="findFailCnt" parameterType="restLoginUserBean" resultType="int">
		select count(*) as failCnt from rest_api
		where operationStatus = 0
		and isAvail = 1
		and restApiName = #{typeName}
		and insertDate &gt;=  #{fromDate} and insertDate &lt;= #{toDate}
 	</select>
 	
 	<select id="findMaxTime" parameterType="restLoginUserBean" resultType="double">
		select max(totalCost) as maxTime from rest_api
		where operationStatus = 1
		and isAvail = 1
		and restApiName = #{typeName}
		and insertDate &gt;=  #{fromDate} and insertDate &lt;= #{toDate}
 	</select>
 	
 	<select id="findMinTime" parameterType="restLoginUserBean" resultType="double">
		select min(totalCost) as minTime from rest_api
		where operationStatus = 1
		and isAvail = 1
		and restApiName = #{typeName}
		and insertDate &gt;=  #{fromDate} and insertDate &lt;= #{toDate}
 	</select>
 	
 	<select id="findAverageTime" parameterType="restLoginUserBean" resultType="double">
		select AVG(totalCost) as averageTime from rest_api
		where operationStatus = 1
		and isAvail = 1
		and restApiName = #{typeName}
		and insertDate &gt;=  #{fromDate} and insertDate &lt;= #{toDate}
 	</select>
	
	<select id="selectPerformanceByType" parameterType="restLoginUserBean" resultMap="restLoginUserResult">
		SELECT * FROM fp.rest_api 
		where restApiName = #{typeName} and isAvail = 1
		and insertDate &gt;=  #{fromDate} and insertDate &lt;= #{toDate}
 	</select>
 	
 	<select id="selectPerformanceByPager" parameterType="restLoginUserBean" resultMap="restLoginUserResult">
		SELECT * FROM fp.rest_api 
		where isAvail = 1

		<if test="fromDate != null and fromDate != ''">  
		and insertDate &gt;=  #{fromDate} 
		</if>
		<if test="toDate != null and toDate != ''">  
		and insertDate &lt;= #{toDate}
		</if>
		<if test="typeName != null and typeName != ''">  
		and restApiName = #{typeName}
		</if>
		order by insertDate DESC
		<if test="pageNo != 0 or pageSize != 0"> 
		LIMIT #{pageNo},#{pageSize}
		</if>
 	</select>
 	
 	<select id="selectPerformanceByID" parameterType="int" resultMap="restLoginUserResult">
		SELECT * FROM fp.rest_api 
		where id=#{id} and isAvail = 1
 	</select>
 	
 	<select id="selectPerformanceCount" parameterType="restLoginUserBean" resultType="int">
		SELECT count(*) FROM fp.rest_api 
		where isAvail = 1
		<if test="fromDate != null and fromDate != ''">  
		and insertDate &gt;=  #{fromDate} 
		</if>
		<if test="toDate != null and toDate != ''">  
		and insertDate &lt;= #{toDate}
		</if>
		<if test="typeName != null and typeName != ''">  
		and restApiName = #{typeName}
		</if>
 	</select>
 	
	<insert id="insertVehicle" parameterType="vehicle">
	 <![CDATA[
		insert into
		vehicle_record(vin	,
						esn	,
						lng	,
						lat	,
						insert_date	,
						GPS_Speed	,
						GPS_Compass_direction	,
						GPS_Heading	,
						Ignition_status	,
						Veh_V_ActlEng	,
						OdometerMasterValue	,
						FuelRange_L_Dsply	,
						GearLvrPos_D_Actl	,
						BpedDrvAppl_D_Actl	,
						ApedPos_Pc_ActlArb	,
						EngAout_N_Actl	,
						EngClnt_Te_Actl	,
						EngSrvcRqd_B_Rq	,
						FuelLvl_Pc_Dsply	,
						AirAmb_Te_ActlFilt	,
						PrplWhlTot2_Tq_Actl	,
						PwPckTq_D_Stat	,
						BSBattSOC	,
						BattTrac_U_Actl	,
						BattTrac_I_Actl	,
						BattTracSoc2_Pc_Actl	,
						BattTrac_Te_Actl	,
						VehStrtInhbt_B_RqBatt	,
						BattTracOff_B_Actl	,
						BattTrac_Pw_LimChrg	,
						BattTrac_Pw_LimDchrg	,
						BattTracOffFst_D_Actl	,
						BattTracWarnLamp_B_Rq	,
						BattTracSrvcRqd_B_Rq	
		) values(
						#{vin},
						#{esn},
						#{lng},
						#{lat},
						#{insertDate},
						#{GPSSpeed},
						#{GPSCompassDirection},
						#{GPSHeading},
						#{ignitionStatus},
						#{vehVActlEng},
						#{odometerMasterValue},
						#{fuelRangeLDsply},
						#{gearLvrPosDActl},
						#{bpedDrvApplDActl},
						#{apedPosPcActlArb},
						#{engAoutNActl},
						#{engClntTeActl},
						#{engSrvcRqdBRq},
						#{fuelLvlPcDsply},
						#{airAmbTeActlFilt},
						#{prplWhlTot2TqActl},
						#{pwPckTqDStat},
						#{bSBattSOC},
						#{battTracUActl},
						#{battTracIActl},
						#{battTracSoc2PcActl},
						#{battTracTeActl},
						#{vehStrtInhbtBRqBatt},
						#{battTracOffBActl},
						#{battTracPwLimChrg},
						#{battTracPwLimDchrg},
						#{battTracOffFstDActl},
						#{battTracWarnLampBRq},
						#{battTracSrvcRqdBRq}
												
		)
		]]>
 	</insert>
</mapper>
